Workbook

Sheet GLOBAL
B2: UPC - EETAC - EA-M QP2526 Grup 3: Còmput de les hores de treball del projecte ViveBook
B4: Secció | D4: Alba | E4: Marc | F4: Muye | G4: Victor | H4: Wenjie | J4: Grup
B6: Backend | D6: =SUM(ALBA!F5:F138) -> 17 | E6: =SUM(MARC!F5:F138) -> 21 | F6: =SUM(MUYE!F5:F138) -> 27 | G6: =SUM(VICTOR!F5:F138) -> 19.5 | H6: =SUM(WENJIE!F5:F138) -> 32 | J6: =SUM(D6:H6) -> 116.5
B8: BackOffice | D8: =SUM(ALBA!I5:I138) -> 5 | E8: =SUM(MARC!I5:I138) -> 8 | F8: =SUM(MUYE!I5:I138) -> 5 | G8: =SUM(VICTOR!I5:I138) -> 15 | H8: =SUM(WENJIE!I5:I138) -> 7.5 | J8: =SUM(D8:H8) -> 40.5
B10: App Web | D10: =SUM(ALBA!L5:L138) -> 6.5 | E10: =SUM(MARC!L5:L138) -> 11.5 | F10: =SUM(MUYE!L5:L138) -> 4.5 | G10: =SUM(VICTOR!L5:L138) -> 6.5 | H10: =SUM(WENJIE!L5:L138) -> 14 | J10: =SUM(D10:H10) -> 43
B12: App Mobile | D12: =SUM(ALBA!O5:O138) -> 22.5 | E12: =SUM(MARC!O5:O138) -> 9.5 | F12: =SUM(MUYE!O5:O138) -> 19.5 | G12: =SUM(VICTOR!O5:O138) -> 4.5 | H12: =SUM(WENJIE!O5:O138) -> 21.5 | J12: =SUM(D12:H12) -> 77.5
B14: Gestió | D14: =SUM(ALBA!R5:R138) -> 23 | E14: =SUM(MARC!R5:R138) -> 22 | F14: =SUM(MUYE!R5:R138) -> 17 | G14: =SUM(VICTOR!R5:R138) -> 31 | H14: =SUM(WENJIE!R5:R138) -> 25 | J14: =SUM(D14:H14) -> 118
B16: Total | D16: =SUM(D6:D14) -> 74 | E16: =SUM(E6:E14) -> 72 | F16: =SUM(F6:F14) -> 73 | G16: =SUM(G6:G14) -> 76.5 | H16: =SUM(H6:H14) -> 100 | J16: =SUM(D16:H16) -> 395.5

Sheet ALBA
B2: ALBA | F2: BACKEND | I2: BACKOFFICE | L2: APP WEB | O2: APP MOBILE | R2: GESTIÓ I DOCUMENTACIÓ
B5: FEBRER | D5: 13 | F5: 0 | I5: 0 | L5: 0 | O5: 0 | R5: 0
D6: 14 | F6: 0 | I6: 0 | L6: 0 | O6: 0 | R6: 0
D7: 15 | F7: 0 | I7: 0 | L7: 0 | O7: 0 | R7: 0
D8: 16 | F8: 0 | I8: 0 | L8: 0 | O8: 0 | R8: 0
D9: 17 | F9: 3 | G9: Seminari 1: JavaScript | I9: 0 | L9: 0 | O9: 0 | R9: 0
D10: 18 | F10: 0 | I10: 0 | L10: 0 | O10: 0 | R10: 0
D11: 19 | F11: 0 | I11: 0 | L11: 0 | O11: 0 | R11: 0
D12: 20 | F12: 0 | I12: 0 | L12: 0 | O12: 0 | R12: 3 | S12: Seminari 2: Git
D13: 21 | F13: 0 | I13: 0 | L13: 0 | O13: 0 | R13: 0
D14: 22 | F14: 0 | I14: 0 | L14: 0 | O14: 0 | R14: 0
D15: 23 | F15: 0 | I15: 0 | L15: 0 | O15: 0 | R15: 0
D16: 24 | F16: 3 | G16: Seminari 3 y 4: TypeScript y MongoDB | I16: 0 | L16: 0 | O16: 0 | R16: 0
D17: 25 | F17: 0 | I17: 0 | L17: 0 | O17: 0 | R17: 0
D18: 26 | F18: 0 | I18: 0 | L18: 0 | O18: 0 | R18: 0
D19: 27 | F19: 0 | I19: 0 | L19: 0 | O19: 0 | R19: 1 | S19: Meetting
D20: 28 | F20: 0 | I20: 0 | L20: 0 | O20: 0 | R20: 0
B22: MARÇ | D22: 1 | F22: 0 | I22: 0 | L22: 0 | O22: 0 | R22: 0
D23: 2 | F23: 0 | I23: 0 | L23: 0 | O23: 0 | R23: 0
D24: 3 | F24: 0 | I24: 0 | L24: 0 | O24: 0 | R24: 0
D25: 4 | F25: 0 | I25: 0 | L25: 0 | O25: 0 | R25: 0
D26: 5 | F26: 0 | I26: 0 | L26: 0 | O26: 0 | R26: 0
D27: 6 | F27: 3 | G27: Seminari 5: APIRest | I27: 0 | L27: 0 | O27: 0 | R27: 1 | S27: Meetting
D28: 7 | F28: 0 | I28: 0 | L28: 0 | O28: 0 | R28: 0
D29: 8 | F29: 0 | I29: 0 | L29: 0 | O29: 0 | R29: 0
D30: 9 | F30: 0 | I30: 0 | L30: 0 | O30: 0 | R30: 0
D31: 10 | F31: 0 | I31: 3 | J31: Seminari 6: Angular | L31: 0 | O31: 0 | R31: 0
D32: 11 | F32: 0 | I32: 0 | L32: 0 | O32: 0 | R32: 0
D33: 12 | F33: 0 | I33: 0 | L33: 0 | O33: 0 | R33: 0
D34: 13 | F34: 0 | I34: 0 | L34: 0 | O34: 0 | R34: 1 | S34: Planificació SPRINT 1
D35: 14 | F35: 0 | I35: 0 | L35: 0 | O35: 0 | R35: 0
D36: 15 | F36: 0 | I36: 0 | L36: 0 | O36: 0 | R36: 0
D37: 16 | F37: 0 | I37: 0 | L37: 0 | O37: 0 | R37: 0
D38: 17 | F38: 3 | G38: Seminari 7: JWT | I38: 0 | L38: 0 | O38: 0 | R38: 0
D39: 18 | F39: 2 | G39: Desenvolupament classe Libros | I39: 0 | L39: 0 | O39: 0 | R39: 0
D40: 19 | F40: 0 | I40: 0 | L40: 0 | O40: 0 | R40: 0
D41: 20 | F41: 0 | I41: 0 | L41: 0 | O41: 0 | R41: 1 | S41: Planificació SPRINT 2
D42: 21 | F42: 0 | I42: 0 | L42: 0 | O42: 0 | R42: 0
D43: 22 | F43: 0 | I43: 0 | L43: 0 | O43: 0 | R43: 0
D44: 23 | F44: 0 | I44: 0 | L44: 0 | O44: 0 | R44: 0
D45: 24 | F45: 0 | I45: 0 | L45: 1.5 | M45: Seminari 8: React | O45: 1.5 | P45: Seminari 8: React Natiu | R45: 0
D46: 25 | F46: 0 | I46: 0 | L46: 0 | O46: 0 | R46: 0
D47: 26 | F47: 0 | I47: 0 | L47: 0 | O47: 0 | R47: 0
D48: 27 | F48: 0 | I48: 0 | L48: 0 | O48: 0 | R48: 1 | S48: Meetting
D49: 28 | F49: 0 | I49: 0 | L49: 0 | O49: 0 | R49: 0
D50: 29 | F50: 0 | I50: 0 | L50: 0 | O50: 0 | R50: 0
D51: 30 | F51: 0 | I51: 0 | L51: 0 | O51: 0 | R51: 0
D52: 31 | F52: 0 | I52: 0 | L52: 0 | O52: 0 | R52: 0
B54: ABRIL | D54: 1 | F54: 0 | I54: 0 | L54: 0 | O54: 0 | R54: 0
D55: 2 | F55: 0 | I55: 0 | L55: 0 | O55: 0 | R55: 0
D56: 3 | F56: 0 | I56: 0 | L56: 0 | O56: 0 | R56: 1 | S56: Meetting
D57: 4 | F57: 0 | I57: 0 | L57: 0 | O57: 0 | R57: 0
D58: 5 | F58: 0 | I58: 0 | L58: 0 | O58: 0 | R58: 0
D59: 6 | F59: 0 | I59: 0 | L59: 0 | O59: 0 | R59: 0
D60: 7 | F60: 0 | I60: 0 | L60: 0 | O60: 0 | R60: 0
D61: 8 | F61: 0 | I61: 0 | L61: 0 | O61: 0 | R61: 0
D62: 9 | F62: 0 | I62: 0 | L62: 0 | O62: 0 | R62: 0
D63: 10 | F63: 0 | I63: 0 | L63: 0 | O63: 0 | R63: 0
D64: 11 | F64: 0 | I64: 0 | L64: 0 | O64: 0 | R64: 1 | S64: Meetting
D65: 12 | F65: 0 | I65: 0 | L65: 0 | O65: 0 | R65: 0
D66: 13 | F66: 0 | I66: 0 | L66: 0 | O66: 0 | R66: 0
D67: 14 | F67: 0 | I67: 0 | L67: 0 | O67: 0 | R67: 0
D68: 15 | F68: 0 | I68: 0 | L68: 0 | O68: 0 | R68: 0
D69: 16 | F69: 1 | G69: Connexions WebApp | I69: 0 | L69: 5 | M69: Estructuració WebApp | O69: 0 | R69: 0
D70: 17 | F70: 0 | I70: 0 | L70: 0 | O70: 0 | R70: 1 | S70: Meetting
D71: 18 | F71: 0 | I71: 0 | L71: 0 | O71: 0 | R71: 0
D72: 19 | F72: 0 | I72: 1 | L72: 0 | O72: 0 | R72: 0
D73: 20 | F73: 0 | I73: 0 | L73: 0 | O73: 0 | R73: 0
D74: 21 | F74: 0 | I74: 0 | L74: 0 | O74: 3 | P74: Seminari Flutter | R74: 0
D75: 22 | F75: 0 | I75: 0 | L75: 0 | O75: 0 | R75: 0
D76: 23 | F76: 0 | I76: 0 | L76: 0 | O76: 0 | R76: 0
D77: 24 | F77: 0 | I77: 1 | L77: 0 | O77: 0 | R77: 1 | S77: Meetting
D78: 25 | F78: 0 | I78: 0 | L78: 0 | O78: 0 | R78: 0
D79: 26 | F79: 0 | I79: 0 | L79: 0 | O79: 0 | R79: 0
D80: 27 | F80: 0 | I80: 0 | L80: 0 | O80: 0 | R80: 0
D81: 28 | F81: 0 | I81: 0 | L81: 0 | O81: 2 | R81: 0
D82: 29 | F82: 0 | I82: 0 | L82: 0 | O82: 0 | R82: 0
D83: 30 | F83: 0 | I83: 0 | L83: 0 | O83: 0 | R83: 0
B85: MAIG | D85: 1 | F85: 0 | I85: 0 | L85: 0 | O85: 0 | R85: 1 | S85: Meetting
D86: 2 | F86: 0 | I86: 0 | L86: 0 | O86: 2 | R86: 0
D87: 3 | F87: 0 | I87: 0 | L87: 0 | O87: 0 | R87: 0
D88: 4 | F88: 0 | I88: 0 | L88: 0 | O88: 0 | R88: 0
D89: 5 | F89: 0 | I89: 0 | L89: 0 | O89: 3 | R89: 3 | S89: Seminari DevOps I
D90: 6 | F90: 0 | I90: 0 | L90: 0 | R90: 0
D91: 7 | F91: 2 | I91: 0 | L91: 0 | O91: 3 | R91: 0
D92: 8 | F92: 0 | I92: 0 | L92: 0 | O92: 8 | R92: 1 | S92: Meetting
D93: 9 | F93: 0 | I93: 0 | L93: 0 | O93: 0 | R93: 3
D94: 10 | F94: 0 | I94: 0 | L94: 0 | O94: 0 | R94: 0
D95: 11 | F95: 0 | I95: 0 | L95: 0 | O95: 0 | R95: 3
D96: 12 | F96: 0 | I96: 0 | L96: 0 | O96: 0 | R96: 0
D97: 13 | F97: 0 | I97: 0 | L97: 0 | O97: 0 | R97: 0
D98: 14 | F98: 0 | I98: 0 | L98: 0 | O98: 0 | R98: 0
D99: 15 | F99: 0 | I99: 0 | L99: 0 | O99: 0 | R99: 0
D100: 16 | F100: 0 | I100: 0 | L100: 0 | O100: 0 | R100: 0
D101: 17 | F101: 0 | I101: 0 | L101: 0 | O101: 0 | R101: 0
D102: 18 | F102: 0 | I102: 0 | L102: 0 | O102: 0 | R102: 0
D103: 19 | F103: 0 | I103: 0 | L103: 0 | O103: 0 | R103: 0
D104: 20 | F104: 0 | I104: 0 | L104: 0 | O104: 0 | R104: 0
... D115: 31 | F115: 0 | I115: 0 | L115: 0 | O115: 0 | R115: 0
B117: JUNY | D117: 1 | F117: 0 | I117: 0 | L117: 0 | O117: 0 | R117: 0
...

Sheet MARC
B2: MARC | F2: BACKEND | I2: BACKOFFICE | L2: APP WEB | O2: APP MOBILE | R2: GESTIÓ I DOCUMENTACIÓ
B5: FEBRER | D5: 13 | F5: 0 | I5: 0 | L5: 0 | O5: 0 | R5: 0
D6: 14 | F6: 0 | I6: 0 | L6: 0 | O6: 0 | R6: 0
D7: 15 | F7: 0 | I7: 0 | L7: 0 | O7: 0 | R7: 0
D8: 16 | F8: 0 | I8: 0 | L8: 0 | O8: 0 | R8: 0
D9: 17 | F9: 3 | G9: Seminari 1: JavaScript | I9: 0 | L9: 0 | O9: 0 | R9: 0
D10: 18 | F10: 0 | I10: 0 | L10: 0 | O10: 0 | R10: 0
D11: 19 | F11: 0 | I11: 0 | L11: 0 | O11: 0 | R11: 0
D12: 20 | F12: 0 | I12: 0 | L12: 0 | O12: 0 | R12: 3 | S12: Seminari 2: Git
D13: 21 | F13: 0 | I13: 0 | L13: 0 | O13: 0 | R13: 0
D14: 22 | F14: 0 | I14: 0 | L14: 0 | O14: 0 | R14: 0
D15: 23 | F15: 0 | I15: 0 | L15: 0 | O15: 0 | R15: 0
D16: 24 | F16: 3 | G16: Seminari 3 y 4: TypeScript y MongoDB | I16: 0 | L16: 0 | O16: 0 | R16: 0
D17: 25 | F17: 0 | I17: 0 | L17: 0 | O17: 0 | R17: 0
D18: 26 | F18: 0 | I18: 0 | L18: 0 | O18: 0 | R18: 0
D19: 27 | F19: 0 | I19: 0 | L19: 0 | O19: 0 | R19: 1 | S19: Meetting
D20: 28 | F20: 0 | I20: 0 | L20: 0 | O20: 0 | R20: 0
B22: MARÇ | D22: 1 | F22: 0 | I22: 0 | L22: 0 | O22: 0 | R22: 0
D23: 2 | F23: 0 | I23: 0 | L23: 0 | O23: 0 | R23: 0
D24: 3 | F24: 0 | I24: 0 | L24: 0 | O24: 0 | R24: 0
D25: 4 | F25: 0 | I25: 0 | L25: 0 | O25: 0 | R25: 0
D26: 5 | F26: 0 | I26: 0 | L26: 0 | O26: 0 | R26: 0
D27: 6 | F27: 3 | G27: Seminari 5: APIRest | I27: 0 | L27: 0 | O27: 0 | R27: 1 | S27: Meetting
D28: 7 | F28: 0 | I28: 0 | L28: 0 | O28: 0 | R28: 0
D29: 8 | F29: 0 | I29: 0 | L29: 0 | O29: 0 | R29: 0
D30: 9 | F30: 0 | I30: 0 | L30: 0 | O30: 0 | R30: 0
D31: 10 | F31: 0 | I31: 3 | J31: Seminari 6: Angular | L31: 0 | O31: 0 | R31: 0
D32: 11 | F32: 0 | I32: 0 | L32: 0 | O32: 0 | R32: 0
D33: 12 | F33: 0 | I33: 0 | L33: 0 | O33: 0 | R33: 0
D34: 13 | F34: 0 | I34: 0 | L34: 0 | O34: 0 | R34: 1 | S34: Planificació SPRINT 1
D35: 14 | F35: 0 | I35: 0 | L35: 0 | O35: 0 | R35: 0
D36: 15 | F36: 0 | I36: 0 | L36: 0 | O36: 0 | R36: 0
D37: 16 | F37: 0 | I37: 0 | L37: 0 | O37: 0 | R37: 0
D38: 17 | F38: 3 | G38: Seminari 7: JWT | I38: 0 | L38: 0 | O38: 0 | R38: 0
D39: 18 | F39: 2 | G39: Desenvolupament classe Autores | I39: 0 | L39: 0 | O39: 0 | R39: 0
D40: 19 | F40: 0 | I40: 0 | L40: 0 | O40: 0 | R40: 0
D41: 20 | F41: 0 | I41: 0 | L41: 0 | O41: 0 | R41: 1 | S41: Planificació SPRINT 2
D42: 21 | F42: 0 | I42: 0 | L42: 0 | O42: 0 | R42: 0
D43: 22 | F43: 0 | I43: 0 | L43: 0 | O43: 0 | R43: 0
D44: 23 | F44: 0 | I44: 0 | L44: 0 | O44: 0 | R44: 0
D45: 24 | F45: 0 | I45: 0 | L45: 1.5 | M45: Seminari 8: React | O45: 1.5 | P45: Seminari 8: React Natiu | R45: 0
D46: 25 | F46: 0 | I46: 0 | L46: 0 | O46: 0 | R46: 0
D47: 26 | F47: 0 | I47: 0 | L47: 0 | O47: 0 | R47: 0
D48: 27 | F48: 0 | I48: 0 | L48: 0 | O48: 0 | R48: 1 | S48: Meetting
D49: 28 | F49: 0 | I49: 0 | L49: 0 | O49: 0 | R49: 0
D50: 29 | F50: 0 | I50: 0 | L50: 0 | O50: 0 | R50: 0
D51: 30 | F51: 0 | I51: 0 | L51: 0 | O51: 0 | R51: 0
D52: 31 | F52: 0 | I52: 0 | L52: 0 | O52: 0 | R52: 0
B54: ABRIL | D54: 1 | F54: 0 | I54: 0 | L54: 0 | O54: 0 | R54: 0
D55: 2 | F55: 0 | I55: 0 | L55: 0 | O55: 0 | R55: 0
D56: 3 | F56: 0 | I56: 0 | L56: 0 | O56: 0 | R56: 1 | S56: Meetting
D57: 4 | F57: 0 | I57: 0 | L57: 0 | O57: 0 | R57: 0
D58: 5 | F58: 0 | I58: 0 | L58: 0 | O58: 0 | R58: 0
D59: 6 | F59: 0 | I59: 0 | L59: 0 | O59: 0 | R59: 0
D60: 7 | F60: 0 | I60: 0 | L60: 0 | O60: 0 | R60: 0
D61: 8 | F61: 0 | I61: 0 | L61: 0 | O61: 0 | R61: 0
D62: 9 | F62: 0 | I62: 0 | L62: 0 | O62: 0 | R62: 0
D63: 10 | F63: 0 | I63: 0 | L63: 0 | O63: 0 | R63: 0
D64: 11 | F64: 0 | I64: 0 | L64: 0 | O64: 0 | R64: 1 | S64: Meetting
D65: 12 | F65: 0 | I65: 0 | L65: 0 | O65: 0 | R65: 0
D66: 13 | F66: 0 | I66: 0 | L66: 0 | O66: 0 | R66: 0
D67: 14 | F67: 0 | I67: 0 | L67: 0 | O67: 0 | R67: 0
D68: 15 | F68: 0 | I68: 0 | L68: 0 | O68: 0 | R68: 0
D69: 16 | F69: 1 | G69: Connexions WebApp | I69: 0 | L69: 5 | M69: Estructuració WebApp | O69: 0 | R69: 0
D70: 17 | F70: 0 | I70: 0 | L70: 0 | O70: 0 | R70: 1 | S70: Meetting
D71: 18 | F71: 0 | I71: 0 | L71: 0 | O71: 0 | R71: 0
D72: 19 | F72: 0 | I72: 0 | L72: 0 | O72: 0 | R72: 0
D73: 20 | F73: 0 | I73: 0 | L73: 0 | O73: 0 | R73: 0
D74: 21 | F74: 1 | I74: 0 | L74: 0 | O74: 3 | P74: Seminari Flutter | R74: 0
D75: 22 | F75: 0 | I75: 0 | L75: 0 | O75: 0 | R75: 0
D76: 23 | F76: 0 | I76: 0 | L76: 0 | O76: 0 | R76: 0
D77: 24 | F77: 0 | I77: 0 | L77: 0 | O77: 0 | R77: 1 | S77: Meetting
D78: 25 | F78: 0 | I78: 0 | L78: 0 | O78: 0 | R78: 0
D79: 26 | F79: 0 | I79: 0 | L79: 0 | O79: 0 | R79: 0
D80: 27 | F80: 0 | I80: 0 | L80: 0 | O80: 0 | R80: 0
D81: 28 | F81: 0 | I81: 0 | L81: 0 | O81: 0 | R81: 0
D82: 29 | F82: 0 | I82: 0 | L82: 0 | O82: 0 | R82: 0
D83: 30 | F83: 0 | I83: 0 | L83: 0 | O83: 0 | R83: 0
B85: MAIG | D85: 1 | F85: 0 | I85: 0 | L85: 0 | O85: 0 | R85: 1 | S85: Meetting
D86: 2 | F86: 0 | I86: 0 | L86: 0 | O86: 0 | R86: 0
D87: 3 | F87: 0 | I87: 0 | L87: 0 | O87: 0 | R87: 0
D88: 4 | F88: 0 | I88: 0 | L88: 0 | O88: 0 | R88: 0
D89: 5 | F89: 0 | I89: 0 | L89: 0 | O89: 0 | R89: 3 | S89: Seminari DevOps I
D90: 6 | F90: 3 | I90: 3 | L90: 3 | O90: 3 | R90: 3
D91: 7 | F91: 0 | I91: 0 | L91: 0 | O91: 0 | R91: 0
D92: 8 | F92: 0 | I92: 0 | L92: 0 | O92: 0 | R92: 1 | S92: Meetting
D93: 9 | F93: 0 | I93: 0 | L93: 0 | O93: 0 | R93: 0
D94: 10 | F94: 2 | I94: 2 | L94: 2 | O94: 2 | R94: 2
D95: 11 | F95: 0 | I95: 0 | L95: 0 | O95: 0 | R95: 0
D96: 12 | F96: 0 | I96: 0 | L96: 0 | O96: 0 | R96: 0
D97: 13 | F97: 0 | I97: 0 | L97: 0 | O97: 0 | R97: 0
D98: 14 | F98: 0 | I98: 0 | L98: 0 | O98: 0 | R98: 0
D99: 15 | F99: 0 | I99: 0 | L99: 0 | O99: 0 | R99: 0
D100: 16 | F100: 0 | I100: 0 | L100: 0 | O100: 0 | R100: 0
D101: 17 | F101: 0 | I101: 0 | L101: 0 | O101: 0 | R101: 0
D102: 18 | F102: 0 | I102: 0 | L102: 0 | O102: 0 | R102: 0
D103: 19 | F103: 0 | I103: 0 | L103: 0 | O103: 0 | R103: 0
D104: 20 | F104: 0 | I104: 0 | L104: 0 | O104: 0 | R104: 0
... D115: 31 | F115: 0 | I115: 0 | L115: 0 | O115: 0 | R115: 0
B117: JUNY | D117: 1 | F117: 0 | I117: 0 | L117: 0 | O117: 0 | R117: 0
...

Sheet MUYE
B2: MUYE | F2: BACKEND | I2: BACKOFFICE | L2: APP WEB | O2: APP MOBILE | R2: GESTIÓ I DOCUMENTACIÓ
B5: FEBRER | D5: 13 | F5: 0 | I5: 0 | L5: 0 | O5: 0 | R5: 0
D6: 14 | F6: 0 | I6: 0 | L6: 0 | O6: 0 | R6: 0
D7: 15 | F7: 0 | I7: 0 | L7: 0 | O7: 0 | R7: 0
D8: 16 | F8: 0 | I8: 0 | L8: 0 | O8: 0 | R8: 0
D9: 17 | F9: 3 | G9: Seminari 1: JavaScript | I9: 0 | L9: 0 | O9: 0 | R9: 0
D10: 18 | F10: 0 | I10: 0 | L10: 0 | O10: 0 | R10: 0
D11: 19 | F11: 0 | I11: 0 | L11: 0 | O11: 0 | R11: 0
D12: 20 | F12: 0 | I12: 0 | L12: 0 | O12: 0 | R12: 3 | S12: Seminari 2: Git
D13: 21 | F13: 0 | I13: 0 | L13: 0 | O13: 0 | R13: 0
D14: 22 | F14: 0 | I14: 0 | L14: 0 | O14: 0 | R14: 0
D15: 23 | F15: 0 | I15: 0 | L15: 0 | O15: 0 | R15: 0
D16: 24 | F16: 3 | G16: Seminari 3 y 4: TypeScript y MongoDB | I16: 0 | L16: 0 | O16: 0 | R16: 0
D17: 25 | F17: 0 | I17: 0 | L17: 0 | O17: 0 | R17: 0
D18: 26 | F18: 0 | I18: 0 | L18: 0 | O18: 0 | R18: 0
D19: 27 | F19: 0 | I19: 0 | L19: 0 | O19: 0 | R19: 1 | S19: Meetting
D20: 28 | F20: 0 | I20: 0 | L20: 0 | O20: 0 | R20: 0
B22: MARÇ | D22: 1 | F22: 0 | I22: 0 | L22: 0 | O22: 0 | R22: 0
D23: 2 | F23: 0 | I23: 0 | L23: 0 | O23: 0 | R23: 0
D24: 3 | F24: 0 | I24: 0 | L24: 0 | O24: 0 | R24: 0
D25: 4 | F25: 0 | I25: 0 | L25: 0 | O25: 0 | R25: 0
D26: 5 | F26: 0 | I26: 0 | L26: 0 | O26: 0 | R26: 0
D27: 6 | F27: 3 | G27: Seminari 5: APIRest | I27: 0 | L27: 0 | O27: 0 | R27: 1 | S27: Meetting
D28: 7 | F28: 0 | I28: 0 | L28: 0 | O28: 0 | R28: 0
D29: 8 | F29: 0 | I29: 0 | L29: 0 | O29: 0 | R29: 0
D30: 9 | F30: 0 | I30: 0 | L30: 0 | O30: 0 | R30: 0
D31: 10 | F31: 0 | I31: 3 | J31: Seminari 6: Angular | L31: 0 | O31: 0 | R31: 0
D32: 11 | F32: 0 | I32: 0 | L32: 0 | O32: 0 | R32: 0
D33: 12 | F33: 0 | I33: 0 | L33: 0 | O33: 0 | R33: 0
D34: 13 | F34: 0 | I34: 0 | L34: 0 | O34: 0 | R34: 1 | S34: Planificació SPRINT 1
D35: 14 | F35: 0 | I35: 0 | L35: 0 | O35: 0 | R35: 0
D36: 15 | F36: 0 | I36: 0 | L36: 0 | O36: 0 | R36: 0
D37: 16 | F37: 0 | I37: 0 | L37: 0 | O37: 0 | R37: 0
D38: 17 | F38: 4 | G38: Seminari 7: JWT + Soft Delete | I38: 2 | J38: Soft Delete | L38: 0 | O38: 0 | R38: 0
D39: 18 | F39: 0 | I39: 0 | L39: 0 | O39: 0 | R39: 0
D40: 19 | F40: 0 | I40: 0 | L40: 0 | O40: 0 | R40: 0
D41: 20 | F41: 0 | I41: 0 | L41: 0 | O41: 0 | R41: 1 | S41: Planificació SPRINT 2
D42: 21 | F42: 0 | I42: 0 | L42: 0 | O42: 0 | R42: 0
D43: 22 | F43: 0 | I43: 0 | L43: 0 | O43: 0 | R43: 0
D44: 23 | F44: 0 | I44: 0 | L44: 0 | O44: 0 | R44: 0
D45: 24 | F45: 0 | I45: 0 | L45: 1.5 | M45: Seminari 8: React | O45: 1.5 | P45: Seminari 8: React Natiu | R45: 0
D46: 25 | F46: 0 | I46: 0 | L46: 0 | O46: 0 | R46: 0
D47: 26 | F47: 0 | I47: 0 | L47: 0 | O47: 0 | R47: 0
D48: 27 | F48: 0 | I48: 0 | L48: 0 | O48: 0 | R48: 1 | S48: Meetting
D49: 28 | F49: 0 | I49: 0 | L49: 0 | O49: 0 | R49: 0
D50: 29 | F50: 0 | I50: 0 | L50: 0 | O50: 0 | R50: 0
D51: 30 | F51: 0 | I51: 0 | L51: 0 | O51: 0 | R51: 0
D52: 31 | F52: 0 | I52: 0 | L52: 0 | O52: 0 | R52: 0
B54: ABRIL | D54: 1 | F54: 0 | I54: 0 | L54: 0 | O54: 0 | R54: 0
D55: 2 | F55: 0 | I55: 0 | L55: 0 | O55: 0 | R55: 0
D56: 3 | F56: 0 | I56: 0 | L56: 0 | O56: 0 | R56: 1 | S56: Meetting
D57: 4 | F57: 0 | I57: 0 | L57: 0 | O57: 0 | R57: 0
D58: 5 | F58: 0 | I58: 0 | L58: 0 | O58: 0 | R58: 0
D59: 6 | F59: 0 | I59: 0 | L59: 0 | O59: 0 | R59: 0
D60: 7 | F60: 0 | I60: 0 | L60: 0 | O60: 0 | R60: 0
D61: 8 | F61: 0 | I61: 0 | L61: 0 | O61: 0 | R61: 0
D62: 9 | F62: 0 | I62: 0 | L62: 0 | O62: 0 | R62: 0
D63: 10 | F63: 0 | I63: 0 | L63: 0 | O63: 0 | R63: 0
D64: 11 | F64: 0 | I64: 0 | L64: 0 | O64: 0 | R64: 1 | S64: Meetting
D65: 12 | F65: 0 | I65: 0 | L65: 0 | O65: 0 | R65: 0
D66: 13 | F66: 0 | I66: 0 | L66: 0 | O66: 0 | R66: 0
D67: 14 | F67: 0 | I67: 0 | L67: 0 | O67: 0 | R67: 0
D68: 15 | F68: 3 | G68: Adaptació JWT al Login / Register | I68: 0 | L68: 3 | M68: Login / Register | O68: 0 | R68: 0
D69: 16 | F69: 0 | I69: 0 | L69: 0 | O69: 0 | R69: 0
D70: 17 | F70: 2 | I70: 0 | L70: 0 | O70: 0 | R70: 1 | S70: Meetting
D71: 18 | F71: 0 | I71: 0 | L71: 0 | O71: 0 | R71: 0
D72: 19 | F72: 0 | I72: 0 | L72: 0 | O72: 2 | R72: 0
D73: 20 | F73: 2 | I73: 0 | L73: 0 | O73: 2 | R73: 0
D74: 21 | F74: 0 | I74: 0 | L74: 0 | O74: 3 | P74: Seminari Flutter | R74: 0
D75: 22 | F75: 0 | I75: 0 | L75: 0 | O75: 0 | R75: 0
D76: 23 | F76: 3 | I76: 0 | L76: 0 | O76: 0 | R76: 0
D77: 24 | F77: 0 | I77: 0 | L77: 0 | O77: 3 | R77: 1 | S77: Meetting
D78: 25 | F78: 0 | I78: 0 | L78: 0 | O78: 0 | R78: 0
D79: 26 | F79: 0 | I79: 0 | L79: 0 | O79: 0 | R79: 0
D80: 27 | F80: 2 | I80: 0 | L80: 0 | O80: 2 | R80: 0
D81: 28 | F81: 0 | I81: 0 | L81: 0 | O81: 0 | R81: 0
D82: 29 | F82: 0 | I82: 0 | L82: 0 | O82: 0 | R82: 0
D83: 30 | F83: 0 | I83: 0 | L83: 0 | O83: 0 | R83: 0
B85: MAIG | D85: 1 | F85: 0 | I85: 0 | L85: 0 | O85: 0 | R85: 1 | S85: Meetting
D86: 2 | F86: 0 | I86: 0 | L86: 0 | O86: 0 | R86: 0
D87: 3 | F87: 0 | I87: 0 | L87: 0 | O87: 3 | R87: 0
D88: 4 | F88: 0 | I88: 0 | L88: 0 | O88: 0 | R88: 0
D89: 5 | F89: 0 | I89: 0 | L89: 0 | O89: 0 | R89: 3 | S89: Seminari DevOps I
D90: 6 | F90: 0 | I90: 0 | L90: 0 | O90: 0 | R90: 0
D91: 7 | F91: 0 | I91: 0 | L91: 0 | O91: 0 | R91: 0
D92: 8 | F92: 0 | I92: 0 | L92: 0 | O92: 0 | R92: 1 | S92: Meetting
D93: 9 | F93: 2 | I93: 0 | L93: 0 | O93: 0 | R93: 0
D94: 10 | F94: 0 | I94: 0 | L94: 0 | O94: 0 | R94: 0
D95: 11 | F95: 0 | I95: 0 | L95: 0 | O95: 3 | R95: 0
D96: 12 | F96: 0 | I96: 0 | L96: 0 | O96: 0 | R96: 0
D97: 13 | F97: 0 | I97: 0 | L97: 0 | O97: 0 | R97: 0
D98: 14 | F98: 0 | I98: 0 | L98: 0 | O98: 0 | R98: 0
D99: 15 | F99: 0 | I99: 0 | L99: 0 | O99: 0 | R99: 0
D100: 16 | F100: 0 | I100: 0 | L100: 0 | O100: 0 | R100: 0
D101: 17 | F101: 0 | I101: 0 | L101: 0 | O101: 0 | R101: 0
D102: 18 | F102: 0 | I102: 0 | L102: 0 | O102: 0 | R102: 0
D103: 19 | F103: 0 | I103: 0 | L103: 0 | O103: 0 | R103: 0
D104: 20 | F104: 0 | I104: 0 | L104: 0 | O104: 0 | R104: 0
... D115: 31 | F115: 0 | I115: 0 | L115: 0 | O115: 0 | R115: 0
B117: JUNY | D117: 1 | F117: 0 | I117: 0 | L117: 0 | O117: 0 | R117: 0
...

Sheet VICTOR
B2: VICTOR | F2: BACKEND | I2: BACKOFFICE | L2: APP WEB | O2: APP MOBILE | R2: GESTIÓ I DOCUMENTACIÓ
B5: FEBRER | D5: 13 | F5: 0 | I5: 0 | L5: 0 | O5: 0 | R5: 0
D6: 14 | F6: 0 | I6: 0 | L6: 0 | O6: 0 | R6: 0
D7: 15 | F7: 0 | I7: 0 | L7: 0 | O7: 0 | R7: 0
D8: 16 | F8: 0 | I8: 0 | L8: 0 | O8: 0 | R8: 0
D9: 17 | F9: 3 | G9: Seminari 1: JavaScript | I9: 0 | L9: 0 | O9: 0 | R9: 0
D10: 18 | F10: 0 | I10: 0 | L10: 0 | O10: 0 | R10: 0
D11: 19 | F11: 0 | I11: 0 | L11: 0 | O11: 0 | R11: 0
D12: 20 | F12: 0 | I12: 0 | L12: 0 | O12: 0 | R12: 3 | S12: Seminari 2: Git
D13: 21 | F13: 0 | I13: 0 | L13: 0 | O13: 0 | R13: 0
D14: 22 | F14: 0 | I14: 0 | L14: 0 | O14: 0 | R14: 0
D15: 23 | F15: 0 | I15: 0 | L15: 0 | O15: 0 | R15: 0
D16: 24 | F16: 3 | G16: Seminari 3 y 4: TypeScript y MongoDB | I16: 0 | L16: 0 | O16: 0 | R16: 0
D17: 25 | F17: 0 | I17: 0 | L17: 0 | O17: 0 | R17: 0
D18: 26 | F18: 0 | I18: 0 | L18: 0 | O18: 0 | R18: 0
D19: 27 | F19: 0 | I19: 0 | L19: 0 | O19: 0 | R19: 1 | S19: Meetting
D20: 28 | F20: 0 | I20: 0 | L20: 0 | O20: 0 | R20: 0
B22: MARÇ | D22: 1 | F22: 0 | I22: 0 | L22: 0 | O22: 0 | R22: 0
D23: 2 | F23: 0 | I23: 0 | L23: 0 | O23: 0 | R23: 0
D24: 3 | F24: 0 | I24: 0 | L24: 0 | O24: 0 | R24: 0
D25: 4 | F25: 0 | I25: 0 | L25: 0 | O25: 0 | R25: 0
D26: 5 | F26: 0 | I26: 0 | L26: 0 | O26: 0 | R26: 0
D27: 6 | F27: 3 | G27: Seminari 5: APIRest | I27: 0 | L27: 0 | O27: 0 | R27: 1 | S27: Meetting
D28: 7 | F28: 0 | I28: 0 | L28: 0 | O28: 0 | R28: 0
D29: 8 | F29: 0 | I29: 0 | L29: 0 | O29: 0 | R29: 0
D30: 9 | F30: 0 | I30: 0 | L30: 0 | O30: 0 | R30: 0
D31: 10 | F31: 0 | I31: 3 | J31: Seminari 6: Angular | L31: 0 | O31: 0 | R31: 0
D32: 11 | F32: 0 | I32: 0 | L32: 0 | O32: 0 | R32: 0
D33: 12 | F33: 0 | I33: 0 | L33: 0 | O33: 0 | R33: 0
D34: 13 | F34: 0 | I34: 0 | L34: 0 | O34: 0 | R34: 1.5 | S34: Planificació SPRINT 1
D35: 14 | F35: 0 | I35: 0 | L35: 0 | O35: 0 | R35: 0
D36: 15 | F36: 0 | I36: 0 | L36: 0 | O36: 0 | R36: 0
D37: 16 | F37: 1.5 | G37: Connexió Backoffice amb el Backend | I37: 5 | J37: Disseny i estructuració del BackOffice | L37: 0 | O37: 0 | R37: 0
D38: 17 | F38: 3 | G38: Seminari 7: JWT | I38: 0 | L38: 0 | O38: 0 | R38: 0
D39: 18 | F39: 0 | I39: 0 | L39: 0 | O39: 0 | R39: 0
D40: 19 | F40: 0 | I40: 2 | J40: Paginació al Frontend | L40: 0 | O40: 0 | R40: 0
D41: 20 | F41: 0 | I41: 0 | L41: 0 | O41: 0 | R41: 2.5 | S41: Planificació SPRINT 2 + GHERKIN
D42: 21 | F42: 0 | I42: 0 | L42: 0 | O42: 0 | R42: 0
D43: 22 | F43: 0 | I43: 0 | L43: 0 | O43: 0 | R43: 0
D44: 23 | F44: 0 | I44: 0 | L44: 0 | O44: 0 | R44: 0
D45: 24 | F45: 0 | I45: 0 | L45: 1.5 | M45: Seminari 8: React | O45: 1.5 | P45: Seminari 8: React Natiu | R45: 0
D46: 25 | F46: 0 | I46: 0 | L46: 0 | O46: 0 | R46: 0
D47: 26 | F47: 0 | I47: 0 | L47: 0 | O47: 0 | R47: 0
D48: 27 | F48: 0 | I48: 0 | L48: 0 | O48: 0 | R48: 1 | S48: Meetting
D49: 28 | F49: 0 | I49: 0 | L49: 0 | O49: 0 | R49: 0
D50: 29 | F50: 0 | I50: 0 | L50: 0 | O50: 0 | R50: 0
D51: 30 | F51: 0 | I51: 0 | L51: 0 | O51: 0 | R51: 0
D52: 31 | F52: 0 | I52: 0 | L52: 0 | O52: 0 | R52: 0
B54: ABRIL | D54: 1 | F54: 0 | I54: 0 | L54: 0 | O54: 0 | R54: 0
D55: 2 | F55: 0 | I55: 0 | L55: 0 | O55: 0 | R55: 0
D56: 3 | F56: 0 | I56: 0 | L56: 0 | O56: 0 | R56: 1 | S56: Meetting
D57: 4 | F57: 0 | I57: 0 | L57: 0 | O57: 0 | R57: 0
D58: 5 | F58: 0 | I58: 0 | L58: 0 | O58: 0 | R58: 0
D59: 6 | F59: 0 | I59: 0 | L59: 0 | O59: 0 | R59: 0
D60: 7 | F60: 0 | I60: 0 | L60: 0 | O60: 0 | R60: 0
D61: 8 | F61: 0 | I61: 0 | L61: 0 | O61: 0 | R61: 0
D62: 9 | F62: 0 | I62: 0 | L62: 0 | O62: 0 | R62: 0
D63: 10 | F63: 0 | I63: 0 | L63: 0 | O63: 0 | R63: 0
D64: 11 | F64: 0 | I64: 0 | L64: 0 | O64: 0 | R64: 1 | S64: Meetting
D65: 12 | F65: 0 | I65: 0 | L65: 0 | O65: 0 | R65: 0
D66: 13 | F66: 0 | I66: 0 | L66: 0 | O66: 0 | R66: 0
D67: 14 | F67: 0 | I67: 0 | L67: 0 | O67: 0 | R67: 0
D68: 15 | F68: 0 | I68: 0 | L68: 0 | O68: 0 | R68: 0
D69: 16 | F69: 0 | I69: 0 | L69: 0 | O69: 0 | R69: 0
D70: 17 | F70: 0 | I70: 0 | L70: 0 | O70: 0 | R70: 1 | S70: Meetting
D71: 18 | F71: 0 | I71: 0 | L71: 0 | O71: 0 | R71: 0
D72: 19 | F72: 0 | I72: 0 | L72: 0 | O72: 0 | R72: 0
D73: 20 | F73: 0 | I73: 0 | L73: 0 | O73: 0 | R73: 0
D74: 21 | F74: 0 | I74: 0 | L74: 0 | O74: 3 | P74: Seminari Flutter | R74: 0
D75: 22 | F75: 0 | I75: 0 | L75: 0 | O75: 0 | R75: 0
D76: 23 | F76: 0 | I76: 0 | L76: 0 | O76: 0 | R76: 0
D77: 24 | F77: 0 | I77: 0 | L77: 0 | O77: 0 | R77: 1 | S77: Meetting
D78: 25 | F78: 0 | I78: 0 | L78: 0 | O78: 0 | R78: 0
D79: 26 | F79: 0 | I79: 0 | L79: 0 | O79: 0 | R79: 2
D80: 27 | F80: 0 | I80: 0 | L80: 0 | O80: 0 | R80: 2
D81: 28 | F81: 0 | I81: 0 | L81: 0 | O81: 0 | R81: 3
D82: 29 | F82: 0 | I82: 0 | L82: 0 | O82: 0 | R82: 0
D83: 30 | F83: 0 | I83: 0 | L83: 0 | O83: 0 | R83: 0
B85: MAIG | D85: 1 | F85: 0 | I85: 0 | O85: 0 | R85: 1 | S85: Meetting
D86: 2 | F86: 0 | I86: 0 | O86: 0 | R86: 1
D87: 3 | F87: 0 | I87: 0 | L87: 2 | O87: 0 | R87: 2
D88: 4 | F88: 0 | I88: 0 | L88: 0 | O88: 0 | R88: 2
D89: 5 | F89: 0 | I89: 0 | L89: 0 | O89: 0 | R89: 3 | S89: Seminari DevOps I
D90: 6 | F90: 0 | I90: 0 | L90: 3 | O90: 0 | R90: 0
D91: 7 | F91: 0 | I91: 0 | L91: 0 | O91: 0 | R91: 0
D92: 8 | F92: 0 | I92: 2 | L92: 0 | O92: 0 | R92: 1 | S92: Meetting
D93: 9 | F93: 0 | I93: 3 | L93: 0 | O93: 0 | R93: 0
D94: 10 | F94: 3 | I94: 0 | L94: 0 | O94: 0 | R94: 0
D95: 11 | F95: 3 | I95: 0 | L95: 0 | O95: 0 | R95: 0
D96: 12 | F96: 0 | I96: 0 | L96: 0 | O96: 0 | R96: 0
D97: 13 | F97: 0 | I97: 0 | L97: 0 | O97: 0 | R97: 0
D98: 14 | F98: 0 | I98: 0 | L98: 0 | O98: 0 | R98: 0
D99: 15 | F99: 0 | I99: 0 | L99: 0 | O99: 0 | R99: 0
D100: 16 | F100: 0 | I100: 0 | L100: 0 | O100: 0 | R100: 0
D101: 17 | F101: 0 | I101: 0 | L101: 0 | O101: 0 | R101: 0
D102: 18 | F102: 0 | I102: 0 | L102: 0 | O102: 0 | R102: 0
D103: 19 | F103: 0 | I103: 0 | L103: 0 | O103: 0 | R103: 0
D104: 20 | F104: 0 | I104: 0 | L104: 0 | O104: 0 | R104: 0
... D115: 31 | F115: 0 | I115: 0 | L115: 0 | O115: 0 | R115: 0
B117: JUNY | D117: 1 | F117: 0 | I117: 0 | L117: 0 | O117: 0 | R117: 0
...

Sheet WENJIE
B2: WENJIE | F2: BACKEND | I2: BACKOFFICE | L2: APP WEB | O2: APP MOBILE | R2: GESTIÓ I DOCUMENTACIÓ
B5: FEBRER | D5: 13 | F5: 0 | I5: 0 | L5: 0 | O5: 0 | R5: 0
D6: 14 | F6: 0 | I6: 0 | L6: 0 | O6: 0 | R6: 0
D7: 15 | F7: 0 | I7: 0 | L7: 0 | O7: 0 | R7: 0
D8: 16 | F8: 0 | I8: 0 | L8: 0 | O8: 0 | R8: 0
D9: 17 | F9: 3 | G9: Seminari 1: JavaScript | I9: 0 | L9: 0 | O9: 0 | R9: 0
D10: 18 | F10: 0 | I10: 0 | L10: 0 | O10: 0 | R10: 0
D11: 19 | F11: 0 | I11: 0 | L11: 0 | O11: 0 | R11: 0
D12: 20 | F12: 0 | I12: 0 | L12: 0 | O12: 0 | R12: 3 | S12: Seminari 2: Git
D13: 21 | F13: 0 | I13: 0 | L13: 0 | O13: 0 | R13: 0
D14: 22 | F14: 0 | I14: 0 | L14: 0 | O14: 0 | R14: 0
D15: 23 | F15: 0 | I15: 0 | L15: 0 | O15: 0 | R15: 0
D16: 24 | F16: 3 | G16: Seminari 3 y 4: TypeScript y MongoDB | I16: 0 | L16: 0 | O16: 0 | R16: 0
D17: 25 | F17: 0 | I17: 0 | L17: 0 | O17: 0 | R17: 0
D18: 26 | F18: 0 | I18: 0 | L18: 0 | O18: 0 | R18: 0
D19: 27 | F19: 0 | I19: 0 | L19: 0 | O19: 0 | R19: 1 | S19: Meetting
D20: 28 | F20: 0 | I20: 0 | L20: 0 | O20: 0 | R20: 0
B22: MARÇ | D22: 1 | F22: 0 | I22: 0 | L22: 0 | O22: 0 | R22: 0
D23: 2 | F23: 0 | I23: 0 | L23: 0 | O23: 0 | R23: 0
D24: 3 | F24: 0 | I24: 0 | L24: 0 | O24: 0 | R24: 0
D25: 4 | F25: 0 | I25: 0 | L25: 0 | O25: 0 | R25: 0
D26: 5 | F26: 0 | I26: 0 | L26: 0 | O26: 0 | R26: 0
D27: 6 | F27: 3 | G27: Seminari 5: APIRest | I27: 0 | L27: 0 | O27: 0 | R27: 1 | S27: Meetting
D28: 7 | F28: 0 | I28: 0 | L28: 0 | O28: 0 | R28: 0
D29: 8 | F29: 0 | I29: 0 | L29: 0 | O29: 0 | R29: 0
D30: 9 | F30: 0 | I30: 0 | L30: 0 | O30: 0 | R30: 0
D31: 10 | F31: 0 | I31: 3 | J31: Seminari 6: Angular | L31: 0 | O31: 0 | R31: 0
D32: 11 | F32: 0 | I32: 0 | L32: 0 | O32: 0 | R32: 0
D33: 12 | F33: 0 | I33: 0 | L33: 0 | O33: 0 | R33: 0
D34: 13 | F34: 0 | I34: 0 | L34: 0 | O34: 0 | R34: 1 | S34: Planificació SPRINT 1
D35: 14 | F35: 0 | I35: 0 | L35: 0 | O35: 0 | R35: 0
D36: 15 | F36: 0 | I36: 0 | L36: 0 | O36: 0 | R36: 0
D37: 16 | F37: 0 | I37: 0 | L37: 0 | O37: 0 | R37: 0
D38: 17 | F38: 3 | G38: Seminari 7: JWT | I38: 0 | L38: 0 | O38: 0 | R38: 0
D39: 18 | F39: 2 | G39: Desenvolupament classe Usuari | I39: 0 | L39: 0 | O39: 0 | R39: 0
D40: 19 | F40: 1.5 | G40: Busqueda de libro por ISBN | I40: 1.5 | J40: Busqueda de libro por ISBN | L40: 0 | O40: 0 | R40: 0
D41: 20 | F41: 0 | I41: 0 | L41: 0 | O41: 0 | R41: 1 | S41: Planificació SPRINT 2
D42: 21 | F42: 0 | I42: 0 | L42: 0 | O42: 0 | R42: 0
D43: 22 | F43: 0 | I43: 0 | L43: 0 | O43: 0 | R43: 0
D44: 23 | F44: 0 | I44: 0 | L44: 0 | O44: 0 | R44: 0
D45: 24 | F45: 0 | I45: 0 | L45: 2 | M45: Seminari 8: React | O45: 2 | P45: Seminari 8: React Natiu | R45: 0
D46: 25 | F46: 0 | I46: 0 | L46: 0 | O46: 0 | R46: 0
D47: 26 | F47: 0 | I47: 0 | L47: 0 | O47: 0 | R47: 0
D48: 27 | F48: 0 | I48: 0 | L48: 0 | O48: 0 | R48: 1 | S48: Meetting
D49: 28 | F49: 0 | I49: 0 | L49: 0 | O49: 0 | R49: 0
D50: 29 | F50: 0 | I50: 0 | L50: 0 | O50: 0 | R50: 0
D51: 30 | F51: 0 | I51: 0 | L51: 0 | O51: 0 | R51: 0
D52: 31 | F52: 0 | I52: 0 | L52: 0 | O52: 0 | R52: 0
B54: ABRIL | D54: 1 | F54: 0 | I54: 0 | L54: 0 | O54: 0 | R54: 0
D55: 2 | F55: 0 | I55: 0 | L55: 0 | O55: 0 | R55: 0
D56: 3 | F56: 0 | I56: 0 | L56: 0 | O56: 0 | R56: 1 | S56: Meetting
D57: 4 | F57: 2 | G57: Implementaó JWT | I57: 0 | L57: 0 | O57: 0 | R57: 0
D58: 5 | F58: 2 | G58: Implementaó JWT | I58: 0 | L58: 0 | O58: 0 | R58: 0
D59: 6 | F59: 0 | I59: 0 | L59: 0 | O59: 0 | R59: 0
D60: 7 | F60: 0 | I60: 0 | L60: 0 | O60: 0 | R60: 0
D61: 8 | F61: 0 | I61: 0 | L61: 0 | O61: 0 | R61: 0
D62: 9 | F62: 0 | I62: 0 | L62: 0 | O62: 0 | R62: 0
D63: 10 | F63: 0 | I63: 0 | L63: 0 | O63: 0 | R63: 0
D64: 11 | F64: 0 | I64: 0 | L64: 0 | O64: 0 | R64: 1 | S64: Meetting
D65: 12 | F65: 0 | I65: 0 | L65: 0 | O65: 0 | R65: 0
D66: 13 | F66: 0 | I66: 0 | L66: 0 | O66: 0 | R66: 0
D67: 14 | F67: 0 | I67: 0 | L67: 0 | O67: 0 | R67: 0
D68: 15 | F68: 0 | I68: 0 | L68: 0 | O68: 0 | R68: 0
D69: 16 | F69: 0 | I69: 0 | L69: 1 | M69: Agregar libro por isbn | O69: 1.5 | P69: Versió preliminar App Mobile | R69: 0
D70: 17 | F70: 0 | I70: 0 | L70: 0 | O70: 0 | R70: 1 | S70: Meetting
D71: 18 | F71: 0 | I71: 0 | L71: 0 | O71: 0 | R71: 0
D72: 19 | F72: 1.5 | G72: Libro service updated, post routes, controller and service implemented | I72: 0 | L72: 0 | O72: 0 | R72: 0
D73: 20 | F73: 0 | I73: 0 | L73: 0 | O73: 0 | R73: 0
D74: 21 | F74: 0 | I74: 0 | L74: 0 | O74: 9 | P74: Seminari Flutter | R74: 0
D75: 22 | F75: 0 | I75: 0 | L75: 0 | O75: 0 | R75: 0
D76: 23 | F76: 0 | I76: 0 | L76: 0 | O76: 0 | R76: 0
D77: 24 | F77: 0 | I77: 0 | L77: 0 | O77: 0 | R77: 2 | S77: devops
D78: 25 | F78: 0 | I78: 0 | L78: 0 | O78: 0 | R78: 0
D79: 26 | F79: 0 | I79: 0 | L79: 0 | O79: 0 | R79: 0
D80: 27 | F80: 0 | I80: 0 | L80: 0 | O80: 0 | R80: 0
D81: 28 | F81: 0 | I81: 0 | L81: 0 | O81: 0 | R81: 0
D82: 29 | F82: 0 | I82: 0 | L82: 0 | O82: 0 | R82: 2 | S82: devops
D83: 30 | F83: 0 | I83: 0 | L83: 0 | O83: 0 | R83: 0
B85: MAIG | D85: 1 | F85: 0 | I85: 0 | L85: 0 | O85: 0 | R85: 1 | S85: Meetting
D86: 2 | F86: 1 | G86: Joi fixes | I86: 2 | J86: Posts page implemented | L86: 0 | O86: 0 | R86: 0
D87: 3 | F87: 0 | I87: 0 | L87: 0 | O87: 0 | R87: 0
D88: 4 | F88: 0 | I88: 0 | L88: 0 | O88: 0 | R88: 0
D89: 5 | F89: 0 | I89: 0 | L89: 0 | O89: 0 | R89: 5 | S89: Seminari DevOps I
D90: 6 | F90: 0 | I90: 0 | L90: 0 | O90: 0 | R90: 0
D91: 7 | F91: 0 | I91: 0 | L91: 0 | O91: 0 | R91: 0
D92: 8 | F92: 0.5 | G92: Backend Validation fix | I92: 0.5 | J92: Posts page updated | L92: 0.5 | M92: Posts section implemented | O92: 0 | R92: 1 | S92: Meetting
D93: 9 | F93: 0 | I93: 0 | L93: 0 | O93: 0 | R93: 0
D94: 10 | F94: 0 | I94: 0 | L94: 0 | O94: 0 | R94: 0
D95: 11 | F95: 0 | I95: 0 | L95: 0 | O95: 0 | R95: 1 | S95: Actualizar imagen Vivebook-Backend
D96: 12 | F96: 0 | I96: 0 | L96: 0 | O96: 0 | R96: 0
D97: 13 | F97: 0 | I97: 0 | L97: 0 | O97: 0 | R97: 0
D98: 14 | F98: 0 | I98: 0 | L98: 0 | O98: 0 | R98: 0
D99: 15 | F99: 3 | G99: Busqueda por indice para usuarios, libros y posts | I99: 0 | L99: 0 | O99: 0 | R99: 0
D100: 16 | F100: 0 | I100: 0 | L100: 0 | O100: 0 | R100: 0
D101: 17 | F101: 0 | I101: 0 | L101: 0 | O101: 0 | R101: 0
D102: 18 | F102: 0 | I102: 0 | L102: 0 | O102: 0 | R102: 0
D103: 19 | F103: 2 | G103: Cloudinary | I103: 0 | L103: 3 | M103: SearchPage | O103: 0 | R103: 1 | S103: Cloudinary documentacion y api
D104: 20 | F104: 0 | I104: 0 | L104: 0 | O104: 0 | R104: 0
D105: 21 | F105: 0 | I105: 0 | L105: 0 | O105: 0 | R105: 0
D106: 22 | F106: 2 | G106: Cloudinary signature as token | I106: 0 | L106: 0 | O106: 0 | R106: 0
...

Sheet SCRUM
B2: SPRINT | C2: PUNTS | D2: REF. | E2: DESCRIPCIÓ
B4: 1 | D4: S1.1 | E4: Yo, como usuario del BackOffice, debería poder deshabilitar a un usuario. | G4: Scrum Master | H4: Victor
D5: S1.2 | E5: Yo, como administrador de ViveBook, deberia poder gestionar la base de datos sin necesidad de tener conocimientos técnicos. | G5: Product Owner | H5: Alba i Marc
D6: S1.3 | E6: Yo, como usuario admin, prefiero ver la información de forma paginada y organizada. | G6: Desenvolupament | H6: Wenjie i Muye
D7: S1.4 | E7: Yo, como colaborador de este proyecto, debería ser capaz de organizar mis versiones de forma clara y práctica.
D8: S1.5 | E8: Yo, como consumidor de la RestAPI, debería ser capaz de hacer cualquier consulta sobre Libros.
D9: S1.6 | E9: Yo, como consumidor de la RestAPI, debería ser capaz de hacer cualquier consulta sobre Autores.
D10: S1.7 | E10: Yo, como consumidor de la RestAPI, debería ser capaz de hacer cualquier consulta sobre Usuarios.
D11: S1.8 | E11: Yo, como usuario, sea capaz de hacer un post a partir de un isbn y que se rellene los datos del libro automaticamente.
B12: 2 | C12: 8 | D12: S2.1 | E12: Como usuario registrado, quiero autenticarme mediante JWT para acceder de forma segura a las funcionalidades privadas de la WebApp. | G12: Scrum Master | H12: Victor
C13: 3 | D13: S2.2 | E13: Como usuario registrado, quiero iniciar sesión en la WebApp para acceder a mi cuenta y a las funcionalidades privadas. | G13: Product Owner | H13: Wenjie i Muye
C14: 3 | D14: S2.3 | E14: Como visitante, quiero crear una cuenta en la WebApp para poder acceder a las funcionalidades privadas como usuario registrado. | G14: Desenvolupament | H14: Alba i Marc
C15: 5 | D15: S2.4 | E15: Como usuario, quiero una interfaz clara y usable para navegar y utilizar la aplicación de forma sencilla.
